{
  "MIN_SDK_VERSION": 24,
  "SDK_VERSION": 35,
  "COMPILE_SDK_VERSION": null,
  "GRADLE_VERSION": "8.13",
  "MIN_BUILD_TOOLS_VERSION": "35.0.0",
  "AGP_VERSION": "8.7.3",
  "KOTLIN_VERSION": "1.9.24",
  "ANDROIDX_APP_COMPAT_VERSION": "1.7.0",
  "ANDROIDX_WEBKIT_VERSION": "1.12.1",
  "ANDROIDX_CORE_SPLASHSCREEN_VERSION": "1.0.1",
  "GRADLE_PLUGIN_GOOGLE_SERVICES_VERSION": "4.4.2",
  "IS_GRADLE_PLUGIN_GOOGLE_SERVICES_ENABLED": false,
  "IS_GRADLE_PLUGIN_KOTLIN_ENABLED": false,
  "PACKAGE_NAMESPACE": "com.juejue.app",
  "JAVA_SOURCE_COMPATIBILITY": 11,
  "JAVA_TARGET_COMPATIBILITY": 11,
  "KOTLIN_JVM_TARGET": null
}